Jugador;Minutos;Puntos;Triples;Rebotes;Asistencias;Perdidas;Robos;Tapones
Jayson Tatum;2732.2;2225;240;649;342;213;78;51
Joel Embiid;2284.1;2183;66;670;274;226;66;112
Luka Doncic;2390.5;2138;185;569;529;236;90;33
Shai Gilgeous-Alexander;2416;2135;58;329;371;192;112;65
Giannis Antetokounmpo;2023.6;1959;47;742;359;246;52;51
Anthony Edwards;2841.5;1946;213;458;350;259;125;58
Julius Randle;2737.3;1936;218;767;316;216;49;21
Donovan Mitchell;2432.4;1922;245;289;301;180;99;27
Trae Young;2540.7;1914;154;217;741;300;80;9
Zach LaVine;2767.9;1913;204;345;327;194;69;18
Damian Lillard;2106.6;1866;244;277;425;191;50;18
De'Aaron Fox;2435.2;1826;119;306;447;181;83;23
DeMar DeRozan;2681.6;1816;46;343;377;153;83;36
Jaylen Brown;2404.9;1784;163;459;232;197;75;26
Pascal Siakam;2652;1720;93;556;415;169;65;36
Lauri Markkanen;2272.5;1691;200;570;123;127;42;38
Nikola Jokic;2323;1690;57;817;678;247;87;47
Jalen Green;2602.2;1683;187;284;281;200;59;18
Jordan Poole;2458.1;1675;214;225;369;252;63;21
Mikal Bridges;2963.2;1671;169;364;273;127;91;61
Stephen Curry;1941.2;1648;273;341;352;179;52;20
Jalen Brunson;2378.7;1633;134;241;421;142;61;15
Kyrie Irving;2240.6;1623;188;304;331;128;66;45
Ja Morant;1948.3;1596;92;357;493;206;66;16
LeBron James;1953.9;1590;121;457;375;178;50;32
CJ McCollum;2649.2;1568;211;328;429;183;70;38
Bam Adebayo;2598;1529;1;688;240;187;88;61
Dejounte Murray;2693.4;1515;133;389;448;160;112;19
Domantas Sabonis;2735.6;1510;31;973;573;230;65;39
Klay Thompson;2278.9;1509;301;286;163;123;49;29
Kristaps Porzingis;2119.5;1505;137;546;174;137;58;100
Darius Garland;2447.2;1490;169;185;538;199;85;9
Franz Wagner;2608.7;1485;130;329;283;167;77;17
Devin Booker;1835.4;1471;111;240;293;145;51;18
Jimmy Butler;2138;1466;36;375;340;101;117;21
Anthony Davis;1904.5;1451;19;702;148;122;59;114
Nikola Vucevic;2746.4;1447;121;903;265;139;60;57
Paolo Banchero;2429.7;1437;85;497;269;200;60;39
RJ Barrett;2475.5;1431;121;368;201;164;31;15
Keldon Johnson;2063.3;1385;134;318;183;134;46;11
Spencer Dinwiddie;2725.3;1369;181;270;515;145;67;24
Kevin Durant;1671.8;1366;93;313;235;156;34;67
Kyle Kuzma;2238.9;1357;160;463;239;190;36;29
Tyler Herro;2335.4;1347;203;360;280;158;51;16
Buddy Hield;2481.9;1344;288;400;225;139;92;26
Fred VanVleet;2535;1335;207;280;495;140;123;38
Paul George;1938.9;1332;158;342;288;176;83;20
Terry Rozier;2220.9;1329;165;259;319;134;74;16
Anfernee Simons;2170.7;1306;212;161;253;128;42;14
Bennedict Mathurin;2222.4;1302;100;318;116;152;48;13
Jamal Murray;2133.4;1298;172;257;400;145;66;16
Jerami Grant;2245.5;1290;144;283;150;116;51;53
Jrue Holiday;2182.5;1290;158;341;495;197;79;25
Evan Mobley;2715.3;1277;22;711;224;146;60;119
Bojan Bogdanovic;1892.9;1273;145;223;152;135;34;8
Jordan Clarkson;1988.3;1271;155;246;270;186;33;13
D'Angelo Russell;2304.1;1263;194;215;437;186;70;29
Josh Giddey;2367.3;1260;76;599;469;211;57;31
Desmond Bane;1841.5;1247;166;291;254;126;56;22
Brook Lopez;2372.5;1239;136;520;99;107;37;193
Kawhi Leonard;1747.5;1239;104;338;204;88;72;28
Harrison Barnes;2662;1230;132;366;128;86;57;10
Tyrese Maxey;2015.8;1218;160;176;212;80;49;8
James Harden;2135;1216;161;354;618;195;71;31
Immanuel Quickley;2344.1;1209;168;337;279;100;80;14
Jaden Ivey;2304.3;1204;120;288;387;237;61;17
Deandre Ayton;2035.3;1203;7;667;115;120;37;53
Scottie Barnes;2677.6;1179;63;512;371;154;83;61
Jaren Jackson Jr.;1787.5;1173;100;426;60;107;65;189
Bradley Beal;1672.9;1160;80;196;271;145;45;33
Tyrese Haliburton;1882.9;1160;161;205;585;141;91;25
Russell Westbrook;2125.8;1159;89;423;551;255;76;33
Gary Trent Jr.;2118;1148;166;173;106;55;104;14
Trey Murphy III;2448;1148;202;281;112;61;89;43
P.J. Washington;2379.6;1144;149;358;175;110;66;79
Kevin Huerter;2202.8;1140;205;251;221;97;80;24
Kevin Porter Jr.;2023.9;1130;141;314;338;188;82;17
O.G. Anunoby;2385.7;1124;142;332;131;132;128;50
Jonas Valanciunas;1968.2;1115;38;804;140;159;20;52
Christian Wood;1738.4;1114;105;491;121;121;30;72
Myles Turner;1825.2;1113;93;466;89;103;36;140
Brandon Ingram;1538.1;1112;64;246;262;148;32;19
Aaron Gordon;2055.1;1109;60;446;203;98;54;51
Alperen Sengun;2170.7;1109;19;678;291;193;70;70
Tobias Harris;2435.9;1085;126;424;186;89;68;40
Michael Porter Jr.;1797.9;1080;188;341;65;68;37;29
Saddiq Bey;2128.7;1062;151;362;118;71;70;13
Jalen Williams;2275.6;1056;73;337;248;123;103;35
Dillon Brooks;2214.3;1047;143;244;189;104;65;16
Malik Monk;1719.2;1041;143;203;298;146;49;20
Kenyon Martin Jr.;2292.2;1039;68;452;123;91;41;30
De'Andre Hunter;2125.6;1029;100;284;94;82;35;17
Malik Beasley;2093.1;1025;235;283;124;90;65;9
Norman Powell;1567.1;1019;114;175;109;101;50;18
Tim Hardaway Jr.;2152.2;1019;212;251;129;60;49;12
Derrick White;2319.3;1017;149;293;321;95;54;76
Luguentz Dort;2272.4;1013;135;344;154;92;75;23
Jabari Smith Jr.;2450.5;1010;120;569;101;104;43;74
Malcolm Brogdon;1743.8;1000;132;280;248;98;45;18
Bobby Portis;1818.4;987;95;672;105;81;29;16
Keegan Murray;2381.7;976;206;371;98;60;61;42
Kelly Oubre Jr.;1547.5;972;108;249;54;64;68;18
Jarrett Allen;2220.1;969;1;666;113;93;54;84
Nic Claxton;2270.7;961;0;702;144;96;65;189
Jaden McDaniels;2416.5;953;107;307;148;112;74;76
Rudy Gobert;2148.5;939;0;814;87;122;56;95
John Collins;2129.6;931;70;462;85;79;42;73
Bruce Brown;2279.5;923;91;328;268;123;87;51
Max Strus;2272;923;197;258;171;69;42;12
Caris LeVert;2237.3;897;127;282;287;116;72;24
Jakob Poeltl;1906.1;897;0;653;197;125;66;86
Tre Jones;1983.7;875;45;245;448;110;89;9
Wendell Carter Jr.;1689.5;868;80;497;132;106;30;33
Mason Plumlee;2052.9;857;0;700;245;117;46;47
Eric Gordon;1965.5;856;132;134;183;104;43;25
Kelly Olynyk;1941.6;847;93;420;252;168;60;37
LaMelo Ball;1267.8;838;144;231;304;129;46;11
Markelle Fultz;1777.9;837;27;234;341;139;87;26
Austin Reaves;1843.2;833;86;193;215;99;33;19
Patrick Williams;2322.8;833;115;327;100;101;72;70
Dennis Schroder;1985.9;830;74;165;298;112;50;10
Kentavious Caldwell-Pope;2381.2;822;135;208;183;86;112;35
Tyus Jones;1939.4;822;121;200;417;74;83;6
Corey Kispert;2093.3;820;163;207;87;55;32;9
Chris Paul;1888.6;819;98;251;524;114;91;22
Ivica Zubac;2169.4;818;0;756;77;117;29;98
Quentin Grimes;2120.9;799;157;229;150;69;47;26
Mike Conley;2028.1;798;135;182;450;103;73;14
Onyeka Okongwu;1848.6;791;4;576;81;81;56;107
Shaedon Sharpe;1778.6;789;102;236;94;83;38;24
Killian Hayes;2153.6;786;80;221;470;173;104;28
Cole Anthony;1551.8;781;75;288;235;91;37;31
Naz Reid;1250.9;781;75;333;77;92;42;53
De'Anthony Melton;2149.8;780;157;312;197;102;126;41
Clint Capela;1730.1;779;0;717;58;54;45;79
Tari Eason;1767.2;760;59;496;88;101;96;47
Bogdan Bogdanovic;1508.6;756;146;165;150;65;43;18
Jalen McDaniels;1912.9;755;77;346;130;93;83;34
Zion Williamson;956.1;754;7;202;133;99;32;16
Grayson Allen;1972.1;750;146;237;163;72;62;14
Josh Hart;2454;743;61;593;290;117;88;21
Aaron Nesmith;1816.4;738;115;277;98;75;55;34
Gordon Hayward;1576.9;733;52;215;206;99;42;12
Zach Collins;1440.6;731;55;402;180;129;37;49
Marcus Morris Sr.;1825.1;728;112;258;114;56;42;21
Coby White;1730.2;715;128;212;204;74;54;6
Terance Mann;1872.2;713;77;276;184;80;42;22
Chris Boucher;1523.5;712;62;421;29;41;47;64
Andrew Nembhard;2073.5;709;92;199;341;126;70;13
Rui Hachimura;1466;707;51;283;58;53;19;26
Daniel Gafford;1604.2;705;0;433;84;85;33;99
Jaylen Nowell;1251.7;704;67;170;132;65;42;5
Devin Vassell;1178.1;703;103;148;136;57;43;17
Marcus Smart;1956.8;703;115;191;382;143;93;23
Naji Marshall;1792;698;66;279;189;97;54;14
Talen Horton-Tucker;1313.2;698;58;210;246;126;41;29
Deni Avdija;2020.4;697;69;487;211;123;65;29
Santi Aldama;1681.7;696;94;371;97;60;45;48
Jusuf Nurkic;1391.4;694;43;471;149;119;43;44
Reggie Jackson;1656.9;693;96;144;233;115;47;6
Isaiah Joe;1395.3;691;161;175;88;39;48;8
Ayo Dosunmu;2097.6;687;59;220;206;99;62;26
Collin Sexton;1145.2;685;48;105;138;85;27;6
Caleb Martin;2077.7;683;84;344;117;79;71;31
Walker Kessler;1703.2;679;1;620;69;58;26;173
Donte DiVincenzo;1894.4;678;150;325;252;112;97;10
Malaki Branham;1549.6;673;77;181;127;76;33;7
Royce O'Neale;2409.2;671;163;384;283;114;65;49
Cedi Osman;1548.3;669;116;176;115;52;35;11
Jonathan Kuminga;1394.4;666;54;231;125;95;41;31
Bones Hyland;1085.5;659;117;135;172;82;39;15
Doug McDermott;1314.2;654;123;138;91;58;13;6
Josh Richardson;1529.6;654;107;175;174;86;69;20
Lonnie Walker IV;1297;654;91;109;64;46;30;17
Alec Burks;1122.4;652;99;158;114;58;38;8
Jevon Carter;1811.8;651;142;202;197;78;66;29
Cameron Johnson;1199.8;650;103;185;78;37;50;14
T.J. McConnell;1526.4;650;26;234;397;143;81;10
Herbert Jones;1950.5;649;56;269;162;88;103;42
Keita Bates-Diop;1452.6;647;56;247;103;56;46;20
Kyle Anderson;1956.6;647;43;368;335;103;78;63
Jalen Smith;1278.8;642;54;394;66;72;21;60
Gabe Vincent;1758.7;641;117;145;167;92;62;5
Grant Williams;2044.8;641;115;363;131;82;41;31
AJ Griffin;1401.4;639;101;153;73;42;42;12
Georges Niang;1511.8;637;154;185;77;54;31;14
Shake Milton;1567.4;637;56;191;240;94;25;13
Monte Morris;1696.1;636;78;210;326;60;43;13
Bol Bol;1505.4;634;30;405;69;112;30;85
Andrew Wiggins;1190.3;633;89;186;85;48;45;28
Jarred Vanderbilt;1879.7;619;29;582;184;97;83;21
Draymond Green;2297.6;617;40;525;500;204;74;61
Al Horford;1921.4;616;145;390;189;37;30;61
Kyle Lowry;1717.7;615;107;225;281;103;57;21
Jeremy Sochan;1457.7;614;33;295;142;97;43;23
Jalen Duren;1670.1;612;0;595;75;92;44;59
Cam Thomas;947.6;604;51;95;78;63;20;7
Damion Lee;1506.3;604;110;225;99;78;30;7
Karl-Anthony Towns;957;602;60;236;140;86;20;17
Moritz Wagner;1109.5;600;51;259;84;68;37;13
Torrey Craig;1947.8;588;100;426;117;73;50;62
Thomas Bryant;1081.5;579;26;339;31;38;16;30
Kevon Looney;1957.6;578;0;760;207;45;52;50
Isaiah Stewart;1414.1;567;67;403;70;68;20;34
Joe Harris;1527.2;562;142;164;101;41;34;13
Trey Lyles;1247.2;562;87;300;66;64;27;31
Reggie Bullock;2364.5;561;151;283;108;36;54;13
Seth Curry;1210.7;561;94;100;99;51;36;7
Brandon Clarke;1090.1;559;1;310;72;55;34;37
Dorian Finney-Smith;2008.8;551;114;316;100;62;55;36
Jose Alvarado;1310;550;83;141;186;81;67;10
Josh Green;1539.2;546;68;182;103;72;42;5
Luke Kennard;1315.1;546;133;158;91;46;32;5
Jordan Nwora;1188.1;542;86;229;88;66;24;14
Troy Brown Jr.;1859.8;541;107;308;95;49;59;16
Devonte' Graham;1338.4;539;119;122;196;53;45;16
Nick Richards;1217.7;532;1;416;38;59;11;71
Josh Okogie;1350.6;529;66;251;105;63;56;34
Jalen Suggs;1245.9;524;66;161;155;94;67;27
Hamidou Diallo;995.9;522;5;194;55;71;53;16
Terrence Ross;1330.5;522;95;154;95;43;35;10
Drew Eubanks;1583.7;518;7;418;103;67;40;102
Tre Mann;1183.4;517;81;155;120;62;40;11
Sam Hauser;1289.9;512;140;204;71;30;29;21
Kevin Love;1239.5;509;99;399;116;70;16;12
Precious Achiuwa;1140.5;508;29;328;50;59;31;30
Dwight Powell;1457.9;506;0;314;69;65;48;26
Marvin Bagley III;990.5;504;19;269;36;46;19;30
Khris Middleton;800.8;497;51;140;163;71;23;5
Obi Toppin;1050.5;497;85;187;66;38;23;12
Kendrick Nunn;963.4;496;79;109;90;66;28;7
Cameron Payne;968.3;493;68;106;214;81;33;8
Taurean Prince;1192.5;493;74;132;84;69;28;15
Isaac Okoro;1652.6;490;62;187;87;42;56;30
Aaron Wiggins;1297.4;479;48;211;80;56;39;15
Nicolas Batum;1709.6;478;124;299;121;50;54;44
Dennis Smith Jr.;1389.8;474;24;167;261;82;75;25
Ochai Agbaji;1209.2;467;81;121;67;41;16;15
David Roddy;1258.5;466;65;193;59;57;29;19
Pat Connaughton;1442.7;466;109;283;77;33;37;11
Trendon Watford;1181.6;459;25;238;130;71;32;12
Jock Landale;978.5;456;21;280;68;59;16;30
Isaiah Jackson;1042.3;455;2;282;51;51;31;93
Davion Mitchell;1447;450;63;105;185;62;44;15
James Wiseman;867.2;450;4;267;30;51;7;27
Victor Oladipo;1105.6;449;70;128;146;87;57;12
Larry Nance Jr.;1380.8;441;14;354;119;42;56;37
Jeff Green;1091.1;437;30;144;69;46;18;17
Mitchell Robinson;1588.8;435;0;555;53;41;56;109
Terence Davis;841;431;89;139;67;53;43;12
Xavier Tillman;1180.1;429;4;307;96;44;58;29
Cory Joseph;1227.4;427;70;106;217;56;34;9
Kenrich Williams;1206;425;50;261;105;32;45;14
Jaden Hardy;708.4;420;63;89;65;46;17;7
Anthony Lamb;1195;415;73;215;96;54;28;20
Kevin Knox II;951.7;415;65;177;33;50;24;12
Patrick Beverley;1816.5;415;80;247;194;60;63;41
Jordan Goodwin;1105.4;407;38;205;168;57;58;26
Isaiah Hartenstein;1628.2;406;8;536;102;66;53;64
Andre Drummond;849.1;399;0;444;33;75;45;27
Oshae Brissett;1083.2;398;48;218;44;34;33;13
Gary Harris;1184.4;397;94;98;59;28;45;12
Jalen Johnson;1041.6;395;30;282;83;41;38;34
Cam Reddish;989.6;387;45;88;57;47;39;14
Mark Williams;828;387;0;304;18;40;28;45
John Wall;754.7;386;33;92;178;80;27;12
Mike Muscala;945.1;383;81;203;50;23;15;24
Will Barton;993;379;66;137;112;48;28;13
Edmond Sumner;736.2;378;31;79;68;50;31;10
Alex Caruso;1575.4;374;55;196;193;77;98;46
Josh Christopher;786.2;372;21;71;73;60;33;15
Wenyen Gabriel;1023.8;372;10;286;36;46;26;35
Delon Wright;1221.2;369;41;180;194;44;92;17
JaMychal Green;796.7;366;42;205;51;52;25;23
Goran Dragic;870;365;52;81;151;63;13;4
John Konchar;1493.8;364;60;310;100;37;77;25
Nickeil Alexander-Walker;883.9;363;61;101;108;55;32;21
Chris Duarte;897.2;362;55;115;64;41;25;9
Dario Saric;806;362;45;207;74;55;20;7
Steven Adams;1133.3;361;0;485;97;79;36;46
Christian Braun;1181.1;360;34;181;59;35;41;17
Nassir Little;976.1;359;58;141;50;36;20;20
Isaiah Livers;1198.7;346;74;143;41;30;28;28
Landry Shamet;806.9;346;75;67;93;36;26;5
Lamar Stevens;1120.5;328;30;207;33;27;27;19
Simone Fontecchio;765.8;328;63;86;42;39;15;8
Mo Bamba;768.4;323;48;225;46;30;13;43
Yuta Watanabe;927.8;322;60;141;48;22;25;17
Chimezie Metu;689;321;9;198;40;32;22;21
Montrezl Harrell;681.1;320;0;159;33;35;17;25
Derrick Jones Jr.;893.4;319;27;153;34;25;29;37
Joe Ingles;1043.5;317;83;128;150;55;33;6
T.J. Warren;686.7;314;22;121;40;20;22;12
Ty Jerome;815.6;309;35;78;135;30;23;5
Moses Moody;817.1;302;49;105;51;34;18;7
R.J. Hampton;749.6;302;41;87;54;42;27;9
Romeo Langford;844.3;297;16;114;50;30;24;13
Vlatko Cancar;889;297;43;128;80;37;22;14
Theo Maledon;853.7;295;28;123;152;59;37;12
Matisse Thybulle;1200.4;293;54;140;53;24;83;32
Rudy Gay;815.6;293;33;163;57;37;19;18
Jeremiah Robinson-Earl;813.7;292;37;180;43;19;24;11
Ben Simmons;1105;291;0;263;256;97;54;24
Kris Dunn;567.5;290;17;100;124;35;25;10
Jaylin Williams;914.2;288;46;241;76;37;28;12
Robert Covington;778.6;288;54;166;57;32;38;33
Paul Reed;755.2;287;1;262;27;45;45;51
Jae'Sean Tate;677.5;283;13;118;84;47;21;7
Robert Williams III;823.5;279;0;292;50;34;22;48
Eugene Omoruyi;645.3;278;25;111;28;34;28;3
Zeke Nnaji;727.8;277;17;138;18;31;17;23
Aleksej Pokusevski;701.3;276;38;159;64;43;20;43
Payton Pritchard;642.8;270;56;88;64;40;14;1
Danuel House Jr.;807;268;37;94;44;26;14;9
Duncan Robinson;690.5;268;63;69;46;28;14;0
MarJon Beauchamp;701.4;266;47;115;35;45;21;7
P.J. Tucker;1920.1;266;55;295;60;44;39;15
Bismack Biyombo;874.1;263;0;260;56;51;18;88
Sandro Mamukelashvili;659.7;263;30;185;62;35;14;12
JT Thor;968.8;262;39;152;36;44;22;23
Willy Hernangomez;457.7;262;3;180;33;39;17;13
Luke Kornet;804.1;261;3;197;53;25;11;46
Garrison Mathews;686.3;257;63;73;26;19;24;5
Austin Rivers;1016.3;255;43;83;75;23;28;4
Ish Wainright;915.1;251;57;139;53;22;38;22
Aaron Holiday;845.3;247;36;74;89;36;37;12
Bryce McGowens;787;246;26;93;54;43;15;6
Malachi Flynn;690.8;246;47;76;70;25;21;4
Patty Mills;566.6;246;49;44;56;30;15;3
Duane Washington Jr.;393.8;244;40;36;63;34;6;4
Thaddeus Young;795.5;240;6;166;75;42;54;5
Cade Cunningham;400.2;239;17;74;72;39;10;7
Haywood Highsmith;969.4;236;37;188;43;45;36;17
Jaxson Hayes;610.1;233;3;132;34;31;20;19
George Hill;833.3;232;34;85;110;34;26;6
Day'Ron Sharpe;552.5;227;6;200;37;42;15;32
Dyson Daniels;1042.1;227;27;188;134;57;43;11
Daishen Nix;914.4;226;40;98;132;86;31;7
Usman Garuba;970.2;225;24;307;64;47;44;29
Darius Bazley;616.2;224;20;138;38;27;22;34
Miles McBride;760.2;222;40;50;72;25;37;8
Svi Mykhailiuk;467.9;222;42;53;53;24;15;4
Maxi Kleber;929.8;220;39;135;52;27;12;30
Jabari Walker;619.2;216;16;131;34;29;10;13
Lindy Waters III;530.8;214;58;75;28;10;14;11
Ziaire Williams;560.8;210;25;79;35;37;14;6
Davis Bertans;491.8;206;55;53;21;10;11;8
Dean Wade;891.6;206;45;150;37;17;28;21
Justin Holiday;706.1;205;46;55;41;22;19;19
Charles Bassey;507.9;199;3;193;48;41;16;33
DeAndre Jordan;585.9;199;1;202;34;48;12;23
Dewayne Dedmon;426.2;199;12;134;26;25;9;19
Justise Winslow;775.8;196;14;145;98;43;30;11
Anthony Gill;624.6;195;4;99;34;15;7;12
Caleb Houstan;812.2;193;46;99;30;18;12;7
Ousmane Dieng;568.7;193;26;105;46;26;14;7
James Bouknight;515.5;191;33;72;41;32;14;5
Keon Johnson;416.4;189;28;44;59;43;19;6
JaVale McGee;354.5;186;2;107;11;36;4;26
Blake Wesley;669.1;184;20;82;98;65;25;5
Rodney McGruder;523.9;183;41;74;28;11;16;1
Christian Koloko;801.8;182;1;171;31;20;21;57
Luka Garza;243.4;181;14;63;18;14;3;2
Wesley Matthews;820.4;179;39;113;34;18;20;13
Jericho Sims;812.4;178;0;242;25;27;15;28
Stanley Johnson;469.5;174;18;95;67;33;16;6
Amir Coffey;625.3;172;11;53;53;21;7;5
Isaiah Roby;473.6;172;18;108;38;31;18;7
Ricky Rubio;566;171;21;70;115;31;26;6
Blake Griffin;568.9;170;23;155;61;22;14;9
Taj Gibson;480.4;168;8;93;34;26;15;12
Goga Bitadze;456.8;167;6;137;39;22;16;26
Evan Fournier;458.7;165;35;49;36;22;16;3
Javonte Green;480.3;165;13;88;23;20;24;21
Julian Champagnie;320.1;165;33;60;10;11;6;5
Johnny Davis;422.6;163;17;65;28;17;10;8
Jordan McLaughlin;678.5;161;24;62;148;33;32;4
Kai Jones;549.6;157;4;123;15;31;17;30
Raul Neto;505.2;157;12;46;79;24;17;4
Admiral Schofield;451.3;155;24;62;31;16;8;5
Juan Toscano-Anderson;700.1;155;8;124;65;34;16;10
Moses Brown;294.1;155;0;139;4;15;4;14
AJ Green;344.9;154;44;45;22;9;6;0
Bruno Fernando;405.1;153;0;137;31;25;6;34
Derrick Rose;337.9;152;19;40;46;22;7;5
Saben Lee;373.5;151;11;45;67;24;19;1
TyTy Washington Jr.;432.7;145;19;45;47;14;15;2
Brandon Boston Jr.;248.3;143;12;30;20;12;9;0
Dalano Banton;278.5;142;15;45;36;18;13;13
Damian Jones;477.4;142;10;122;15;23;8;21
Kevon Harris;457;141;16;70;16;21;17;5
Furkan Korkmaz;353.5;140;18;42;22;24;10;3
Nathan Knight;290.7;139;8;56;13;21;10;6
Frank Ntilikina;607.6;135;17;62;58;29;16;7
Markieff Morris;355.1;132;28;71;31;18;9;5
Richaun Holmes;347.6;130;5;80;9;14;3;11
Chuma Okeke;518;128;26;96;37;17;19;11
Max Christie;512.4;128;26;75;21;13;9;7
Udoka Azubuike;358.5;125;0;119;11;18;6;15
Jae Crowder;339.7;124;24;69;27;7;12;6
Juancho Hernangomez;613.5;122;17;123;25;15;16;6
Matt Ryan;310.2;122;32;26;16;7;5;1
Patrick Baldwin Jr.;225.8;122;32;40;11;11;6;4
Gorgui Dieng;358.1;121;21;107;53;32;4;14
Kenneth Lofton Jr.;176;120;6;51;20;12;5;2
Orlando Robinson;425.1;116;0;126;25;16;12;12
Kira Lewis Jr.;234.8;114;15;33;23;10;10;2
McKinley Wright IV;335;114;9;47;58;19;8;5
Robin Lopez;298.5;112;2;51;19;25;2;8
Dominick Barlow;407.6;110;0;102;24;15;10;19
Ish Smith;397.9;108;2;54;100;44;8;7
Jake LaRavia;414.3;105;24;63;21;18;12;4
Boban Marjanovic;171.1;102;0;60;9;14;5;2
Gary Payton II;367.6;101;13;69;30;16;22;5
Kessler Edwards;385.8;100;17;61;23;13;14;6
Cody Zeller;216.6;98;0;64;10;14;3;4
Jamal Cain;240;98;7;52;12;6;11;1
Theo Pinson;323;95;22;63;46;12;6;1
Skylar Mays;188.8;92;12;19;50;10;6;1
Bryn Forbes;267.7;89;14;15;17;12;7;2
Davon Reed;342.5;89;17;59;23;20;15;4
Frank Kaminsky;234.9;89;13;52;32;9;6;4
Terry Taylor;263.4;89;5;47;10;9;3;6
Johnny Juzang;232.3;87;15;39;8;3;4;3
Dalen Terry;213.9;85;7;37;22;8;11;5
David Duke Jr.;228;85;1;29;21;18;10;1
Nikola Jovic;204.5;82;8;31;10;10;7;2
Kennedy Chandler;281.5;78;2;38;58;18;12;5
Peyton Watson;186.1;75;6;37;11;8;2;11
Kemba Walker;143.9;72;7;16;19;4;2;2
Luka Samanic;160.8;69;8;30;15;10;6;2
Serge Ibaka;185.4;66;6;44;4;11;2;7
Danny Green;138.7;61;16;14;6;10;6;3
Jeff Dowtin Jr.;258.7;61;5;23;31;5;9;3
Moussa Diabate;195.5;59;1;50;4;9;7;8
Mamadi Diakite;175.9;57;7;30;8;12;4;9
A.J. Lawson;108.3;56;10;21;2;3;2;0
Quenton Jackson;134.6;56;1;8;15;4;4;1
Jonathan Isaac;124;55;6;44;6;4;14;4
Jeenathan Williams;126.6;53;3;15;10;4;3;2
Trent Forrest;277;52;0;37;38;15;7;2
James Johnson;162.4;51;3;30;15;8;7;6
Jay Huff;94.9;51;6;21;10;5;3;4
Thanasis Antetokounmpo;206.2;51;0;44;15;12;3;3
Garrett Temple;161.8;50;11;17;13;4;9;2
Lindell Wigginton;86.7;50;6;7;14;12;0;2
Daniel Theis;108.8;49;2;22;9;3;2;6
Matthew Dellavedova;212.8;47;9;13;41;10;7;0
Josh Minott;96.2;46;2;25;5;3;4;6
KZ Okpala;248;46;7;34;13;7;7;7
Jared Rhoden;197.9;45;5;37;4;3;4;1
John Butler Jr.;221.1;45;8;17;11;1;7;9
Dru Smith;158.4;44;5;24;22;3;10;4
Jarrett Culver;136.9;44;1;38;6;7;6;2
Otto Porter Jr.;146.3;44;6;19;8;4;11;0
Shaquille Harrison;119.9;44;3;22;30;6;11;2
Alex Len;161.2;43;0;60;12;16;4;11
Khem Birch;161.8;43;1;25;7;8;5;5
Meyers Leonard;113.7;43;7;34;1;6;2;0
Jaden Springer;89.3;42;2;14;8;3;7;3
Wendell Moore Jr.;152.7;42;2;18;18;8;8;5
Jason Preston;123.8;41;5;22;27;10;2;0
Omer Yurtseven;83.2;40;3;23;2;4;2;2
Xavier Cooks;125.8;38;0;38;6;8;6;4
Jared Butler;76.5;37;7;4;8;5;5;0
Olivier Sarr;113.6;36;1;31;4;4;1;5
Vit Krejci;165.4;36;5;26;17;5;5;1
Cody Martin;133.7;35;3;24;11;2;4;1
Nerlens Noel;194.7;35;1;46;10;13;16;10
Isaiah Mobley;84.2;31;3;20;3;1;4;3
Vince Williams Jr.;104.6;30;4;15;4;5;6;2
Greg Brown III;93.1;28;1;19;3;6;4;5
Jordan Hall;82.7;28;3;12;11;7;1;0
Joshua Primo;93.4;28;3;13;18;11;1;2
Udonis Haslem;72.1;27;3;11;0;1;1;2
Ryan Arcidiacono;172.4;26;8;15;23;7;5;0
Mac McClung;41.1;25;4;10;9;3;0;0
Noah Vonleh;171.6;25;1;48;7;11;2;8
Sam Merrill;58.5;25;5;9;5;0;4;0
Gabe York;55.8;24;6;6;5;0;2;0
Keon Ellis;70.9;24;6;8;6;1;5;1
Micah Potter;52.4;24;4;16;4;2;1;0
Ryan Rollins;62.1;23;3;12;6;16;1;1
Jarrell Brantley;39;22;4;6;3;2;0;2
PJ Dozier;79.3;22;2;14;10;5;6;1
Jack White;66;21;3;17;4;2;3;2
Trevelin Queen;70;21;2;17;6;7;2;5
Tyrese Martin;65.5;21;1;12;2;2;1;0
Carlik Jones;56;20;3;5;6;2;2;0
Justin Jackson;107.4;20;5;17;9;2;4;4
Louis King;28.8;20;4;4;2;2;1;0
Ron Harper Jr.;47.5;20;3;7;4;0;0;1
JD Davison;65.7;19;2;9;11;4;2;2
Tony Bradley;33.4;19;3;11;1;1;1;1
Andre Iguodala;112.6;17;1;17;19;9;4;3
Justin Minaya;88.8;17;3;15;4;4;2;5
Michael Carter-Williams;44.5;17;1;5;7;4;1;1
Xavier Sneed;48.2;17;3;5;5;3;0;1
Buddy Boeheim;90.1;16;4;6;4;0;2;0
RaiQuan Gray;35.1;16;2;9;7;4;0;1
Darius Days;25;15;3;6;1;0;0;1
Jamaree Bouyea;70.5;15;2;6;4;4;4;2
Scotty Pippen Jr.;31.5;14;1;4;2;2;2;1
Jay Scrubb;30.1;13;2;6;1;3;2;0
Neemias Queta;28.7;12;0;11;1;1;0;2
Justin Champagnie;34.3;11;1;8;4;0;1;0
Facundo Campazzo;52.2;10;3;2;9;3;6;0
Lester Quinones;18.1;10;2;3;2;5;1;0
Cole Swider;41.1;9;3;7;4;0;0;0
Isaiah Todd;61.4;9;1;12;4;2;1;0
Joe Wieskamp;49.7;9;3;4;3;1;0;0
Kendall Brown;40.3;9;0;6;3;2;4;0
Trevor Hudgins;28.3;9;2;0;3;1;0;0
Tyler Dorsey;8.3;9;1;2;0;0;0;0
Alize Johnson;29.5;7;0;10;1;4;1;0
Chance Comanche;20.8;7;0;3;0;0;0;1
Xavier Moon;19.6;7;1;3;5;1;0;0
Leandro Bolmaro;68.5;6;0;7;7;7;3;1
Marko Simonovic;19.6;6;1;2;0;0;0;0
Mfiondu Kabengele;36.4;6;0;10;0;1;2;0
Vernon Carey Jr.;28.5;6;0;11;3;2;2;2
Dylan Windler;10.4;5;1;0;1;1;1;0
Kobi Simmons;27.8;5;1;4;5;1;0;2
Malcolm Hill;9.2;5;1;3;0;0;0;0
Braxton Key;9.1;4;0;1;0;0;0;0
Dereon Seabron;11.6;4;0;1;0;0;0;0
Donovan Williams;4.3;4;0;2;0;0;0;0
Devon Dotson;53.1;3;1;10;8;3;5;0
Jacob Gilyard;40.8;3;1;4;7;2;3;0
Jordan Schakel;6.2;3;1;0;1;0;1;0
Trevor Keels;8;3;1;2;0;0;0;0
Chima Moneke;7.9;2;0;2;1;2;0;0
Chris Silva;3;2;0;0;0;1;0;0
Stanley Umude;2.1;2;0;0;0;0;1;1
Alondes Williams;5.3;0;0;1;0;2;0;0
Deonte Burton;6.5;0;0;0;0;0;0;0
Frank Jackson;5;0;0;2;1;0;0;0
Michael Foster Jr.;1;0;0;0;0;0;0;0
Sterling Brown;24.4;0;0;8;2;0;3;0
